Frame,Accelerometer X,Accelerometer y,Accelerometer Z,Compass,Gyroscope X,Gyroscope Y,Gyroscope Z
0,0.0,0.0,-0.4,2.15110445022583,0.3024401050423712,0.5940581525403752,0.3008301182912908
1,0.0,0.0,-0.3,2.151104211807251,0.9974160592800305,0.12333583128246217,0.06007893855101476
2,0.0,0.0,-0.3,2.15110445022583,0.8665345851623651,0.8805391784661335,0.9497930141398137
3,0.0,0.0,-0.2,2.1511049270629883,0.32238042196842887,0.45394982632737746,0.025908680245421367
4,0.0,-0.0,-0.2,2.151104688644409,0.01969741179645057,0.5380017792322902,0.9168875774203491
5,-0.0,0.0,-0.1,2.1511049270629883,0.2079953763659651,0.2124332916283419,0.2865870296328378
6,0.0,-0.0,-0.1,2.1511051654815674,0.593944591641487,0.12637976155797181,0.37523364921280744
7,0.0,-0.0,-0.1,2.1511049270629883,0.5401504202153948,0.14773196924755816,0.23589233707012902
8,-0.0,0.0,-0.1,2.1511051654815674,0.6666552907680964,0.21904896532581664,0.6405452523212238
9,0.0,0.0,-0.0,2.1511051654815674,0.063349112368565,0.1561696751975835,0.3341790825345988
10,0.0,-0.0,-0.0,2.1511051654815674,0.3598030423989864,0.7582844075814381,0.546191576935534
11,-0.0,0.0,-0.0,2.1511051654815674,0.45881321449496315,0.6128172260383612,0.7174333495593057
12,0.0,-0.0,-0.0,2.1511054039001465,0.5934440395579882,0.3910669647129825,0.08270416151056925
13,0.0,0.0,-0.0,2.1511051654815674,0.0024965377664165622,0.44640505440907896,0.6811832960949835
14,0.0,0.0,0.0,2.1511054039001465,0.13683075756525853,0.8166593260068723,0.08123379880075698
15,0.0,0.0,0.0,2.1511056423187256,0.8627741371374728,0.8212870846202763,0.16383727595072628
16,0.0,0.0,0.0,2.1511054039001465,0.9291750260198138,0.7809264139214569,0.49812751485124007
17,0.0,0.0,0.0,2.1511054039001465,0.37145846930684023,0.6883732824364368,0.42507367407904295
18,0.0,0.0,0.0,2.1511054039001465,0.06376912505871324,0.7507953104785363,0.7218152498465439
19,0.0,0.0,0.0,2.1511054039001465,0.09069271224744924,0.17401678978163948,0.13323565187980246
20,0.0,0.0,0.0,2.1511058807373047,0.17219910947652473,0.1328976271637874,0.5530876746938476
21,0.0,0.0,0.0,2.1511058807373047,0.6919769155606196,0.09481897193576283,0.5649748104221646
22,0.0,0.0,0.0,2.1511058807373047,0.23666189160529472,0.49879034390358246,0.05477439424882902
23,0.0,0.0,0.0,2.1511058807373047,0.5243714226704212,0.4049624945649205,0.560181252926069
24,0.0,0.0,0.0,2.1511058807373047,0.2875290785717345,0.10114498492724433,0.28923763445562556
25,0.0,0.0,0.0,2.1511058807373047,0.19813528125653435,0.5394106594297352,0.10643517499965449
26,0.0,0.0,0.0,2.1511058807373047,0.9632873255230536,0.22525534346591847,0.7962172976638774
27,0.0,0.0,0.0,2.1511058807373047,0.36966358472995153,0.9637111357218883,0.23544918656905867
28,0.0,0.0,0.0,2.1511058807373047,0.4260634366914401,0.0333519111677002,0.6306478113249928
29,0.0,0.0,0.0,2.1511058807373047,0.22850069290714492,0.5779750928375031,0.86648153073121
30,0.0,0.0,0.0,2.1511058807373047,0.45078742015169426,0.9576333925191916,0.40701806441164323
31,0.0,0.0,0.0,2.1511058807373047,0.3133562313370224,0.235430116178312,0.5771850681613351
32,0.0,0.0,0.0,2.1511058807373047,0.4657832128447893,0.1627635194697309,0.9610640594290026
33,0.0,0.0,0.0,2.1511058807373047,0.9805442360893384,0.9510498565851503,0.23661994370096495
34,0.0,0.0,0.0,2.1511058807373047,0.7287317872734621,0.3223401500765377,0.465090786299482
35,0.0,0.0,0.0,2.1511058807373047,0.7377141501272336,0.6848823176605808,0.3261610588289835
36,0.0,0.0,0.0,2.1511058807373047,0.4016578216193576,0.29606794738929687,0.13930349800078212
37,0.0,0.0,0.0,2.1511058807373047,0.21692403394044613,0.5833830286307486,0.6055130277767798
38,0.0,0.0,0.0,2.1511058807373047,0.7102021729653717,0.5217352382777366,0.7709397949358626
39,0.0,0.0,0.0,2.1511058807373047,0.14184613578833594,0.1672164962845325,0.8809903384943011
40,-0.0,0.0,-0.0,2.1511058807373047,0.24508416057757954,0.8570727140122106,0.5199808031193515
41,-0.0,-0.0,0.0,2.1511058807373047,0.49167456347170213,0.08548021914933601,0.5908149659555146
42,-0.0,-0.0,0.0,2.1511058807373047,0.7138144225730918,0.9573900666082811,0.47902702815700915
43,-0.0,0.0,0.0,2.1511058807373047,0.0071752795525866775,0.5976867044784773,0.7660600931601114
44,0.0,-0.0,0.0,2.1511058807373047,0.42749560283944943,0.12782722112367229,0.9282485951046986
45,-0.0,0.0,-0.0,2.1511058807373047,0.4314643071390659,0.15251491780143456,0.9345213467142813
46,0.0,-0.0,-0.0,2.1511058807373047,0.848687535513658,0.542070313468948,0.8122042394456674
47,-0.0,0.0,0.0,2.1511058807373047,0.2060476899459821,0.4177642113168756,0.49551730092939805
48,0.0,0.0,-0.0,2.1511058807373047,0.6235774618724018,0.4233256631376091,0.38857196873448263
49,0.0,-0.0,0.0,2.151106119155884,0.2893381534597801,0.17909373994617106,0.14011534140427218
50,-0.0,0.0,-0.0,2.151106119155884,0.7389804670609732,0.5091647367469954,0.46440644872739034
51,6.0,3.9,0.1,2.151106119155884,0.24698997345699003,0.02940357580728159,0.8098649978857283
52,5.1,3.4,0.1,2.151106119155884,0.4862004431556981,0.33154847950535893,0.9881167053268021
53,3.1,2.0,0.0,2.151106119155884,0.8049290992147933,0.7737927573075054,0.5686439597194587
54,4.0,2.6,0.0,2.1511058807373047,0.17654852593224513,0.5260905481658471,0.9868314070777319
55,2.1,1.3,0.0,2.1511058807373047,0.4385178234068333,0.4733091737781209,0.024060694611914735
56,3.6,2.4,0.0,2.1511058807373047,0.7145518994626092,0.651499752554866,0.744903380669671
57,1.7,1.1,0.0,2.1511058807373047,0.4394995777433822,0.16306505564208096,0.5651506116139494
58,1.8,1.2,0.0,2.1511058807373047,0.265828886129993,0.49378660536712415,0.8337745839928906
59,2.2,1.5,0.0,2.151106119155884,0.9317532237831101,0.9755119748512086,0.2531886521988481
60,2.8,1.8,0.0,2.1510250568389893,0.46187905159265685,0.41006304095771307,0.32969683351161594
61,3.0,2.0,0.0,2.150851011276245,0.2828216259811067,0.27729046557255677,0.7154887850519415
62,3.4,2.2,0.0,2.150813102722168,0.1240099795460512,0.1108680462532331,0.6282826327711132
63,3.5,2.3,0.0,2.1506192684173584,0.015684373568016552,0.6641154938747409,0.533422595773407
64,3.9,2.5,0.0,2.150286912918091,0.8542822416678679,0.01827344775110351,0.6827235908428336
65,3.9,2.6,0.0,2.150324821472168,0.08613138996088865,0.8514739792287728,0.5759532992173773
66,4.2,2.8,0.1,2.1503658294677734,0.9822685683572259,0.6505280313830605,0.007963622689703853
67,4.4,2.9,0.1,2.1503798961639404,0.5102698993732203,0.36103920604039985,0.2389305494372327
68,4.4,2.9,0.0,2.1503818035125732,0.7603236203903613,0.6865559748689288,0.1776847788527517
69,4.1,2.7,0.0,2.1503782272338867,0.10896640044988493,0.8091043443362632,0.26357679907506526
70,3.9,2.6,0.0,2.1503775119781494,0.9365792725844065,0.20282575489881094,0.41296147868803723
71,3.8,2.5,0.0,2.150388240814209,0.818288865539979,0.3541155104349779,0.3249132729538706
72,3.8,2.5,0.0,2.1503849029541016,0.6419038746783388,0.765396070759688,0.5943840541509336
73,3.8,2.5,0.0,2.1503829956054688,0.5085627317058645,0.407954632262303,0.3690548005835018
74,3.8,2.5,0.1,2.1503844261169434,0.5228607463126256,0.3121205245447758,0.5609544239014402
75,3.2,2.1,-0.0,2.150385856628418,0.9793747760973343,0.8845502815412226,0.1679903421178245
76,-1.1,-0.7,-0.0,2.1503865718841553,0.7781286625663689,0.852784376854306,0.17357601511809806
77,0.0,0.0,-0.0,2.150387763977051,0.9377215536211708,0.21628331543438106,0.8227598515590351
78,-0.0,-0.0,-0.0,2.1503894329071045,0.5137514425008313,0.36312212738968297,0.8836012799346653
79,0.2,0.1,-0.0,2.150390625,0.7451410615217726,0.5885777332319039,0.7716953746314478
80,-0.5,-0.3,0.0,2.1503920555114746,0.7261913177808317,0.8082873998488336,0.31632318622728073
81,10.5,6.9,0.1,2.1503937244415283,0.9178306494180388,0.9972912378704563,0.9861669542489917
82,7.2,4.7,0.1,2.1503946781158447,0.6228632610460996,0.7217338950883248,0.7639782194758223
83,3.7,2.4,0.0,2.1503965854644775,0.5172314155542338,0.0794961622195246,0.3626376464672182
84,3.8,2.5,0.0,2.150343418121338,0.48664210067263935,0.7145233531578504,0.849143637993049
85,4.2,2.8,0.1,2.150376796722412,0.31531588282955547,0.8239973370585799,0.8989915178066534
86,3.8,2.5,0.0,2.1504197120666504,0.4878246744527418,0.8010744643705396,0.018877247873299807
87,4.3,2.8,0.1,2.1504368782043457,0.7470948993199547,0.1519575192993441,0.22361773328012646
88,3.9,2.6,0.0,2.1504433155059814,0.01509704905274134,0.39785007022841923,0.677213755790116
89,4.4,2.9,0.1,2.15044903755188,0.3020670027050557,0.11666843824858697,0.31571874347277706
90,3.9,2.6,0.0,2.150451421737671,0.37988313535365914,0.5377465334609732,0.7176445881234825
91,1.4,0.9,0.0,2.1504552364349365,0.15447786659133844,0.02200175659418857,0.21527101002506044
92,-0.3,-0.2,-0.0,2.1504602432250977,0.8643961440592314,0.20865663380887622,0.6896331645143601
93,3.7,2.4,0.0,2.1504640579223633,0.11948685769186385,0.11240253413163581,0.746823331758426
94,6.8,4.5,0.1,2.150465488433838,0.3229113837657347,0.5172316174337096,0.5275657277614357
95,3.0,1.9,0.0,2.1504671573638916,0.8808077123899276,0.3942085013712118,0.8491203227376453
96,-0.3,-0.2,-0.0,2.1504735946655273,0.30846832383577627,0.08372614023112346,0.13099089895124738
97,-0.8,-0.5,-0.0,2.150477409362793,0.13903604203023734,0.7819516323475703,0.5532796713087759
98,-2.1,-1.3,-0.0,2.1504764556884766,0.22863227831036326,0.624636036192824,0.6961663111987567
99,-1.9,-1.2,-0.0,2.1504786014556885,0.5768991184647528,0.4771961883296215,0.8247638979757904
100,-2.9,-1.9,-0.0,2.150481939315796,0.46231367399578593,0.6926114048140841,0.5335812666359738
101,-2.1,-1.3,-0.0,2.150484085083008,0.5809447489753021,0.3668628818749008,0.5845031985956927
102,-1.8,-1.2,-0.0,2.150485038757324,0.28757619560261993,0.19607223764876092,0.5492780312180667
103,-1.1,-0.7,-0.0,2.1504876613616943,0.3288170223982375,0.9041049934220788,0.758939251663039
104,-7.8,-5.1,-0.1,2.1504902839660645,0.5785293349218467,0.09179291149297508,0.7342135479541477
105,-4.6,-3.0,-0.1,2.150491714477539,0.7597254071518282,0.2750467774587676,0.1690248164432836
106,-4.9,-3.2,-0.1,2.15049409866333,0.5276277925315792,0.043690175867904135,0.6492513238999327
107,-3.4,-2.2,-0.0,2.150493621826172,0.11420524784509922,0.7968818220424482,0.8186411720488351
108,-4.2,-2.7,-0.0,2.1504921913146973,0.31494156700462794,0.7192829190011636,0.6432086118845622
109,-2.9,-1.9,-0.0,2.1504902839660645,0.3134314453330522,0.8629769419178853,0.6787517506398165
110,-3.8,-2.5,-0.0,2.150489330291748,0.9971260406881587,0.4131687953873314,0.47142803232899044
111,-2.6,-1.7,-0.0,2.1504876613616943,0.30252345876075926,0.8682490529824394,0.4683268598219409
112,-1.3,-0.8,-0.0,2.1504862308502197,0.019634615003447986,0.7089208397213801,0.5644602871438996
113,0.2,0.2,0.0,2.150482654571533,0.6914642836375241,0.986505751187628,0.8550245193374189
114,-6.7,-4.4,-0.1,2.150480031967163,0.0055222797623240005,0.4044967936051833,0.3476257944742377
115,-7.4,-4.8,-0.1,2.150477170944214,0.9668628936196647,0.6461477876841863,0.03568011382859926
116,-4.0,-2.6,-0.0,2.15047550201416,0.8401205946345708,0.3394676432094976,0.656957619634535
117,-4.5,-3.0,-0.1,2.150470733642578,0.9325772251054494,0.20782966672609604,0.8509176129379671
118,-3.2,-2.1,0.0,2.150468587875366,0.8831796320702234,0.7209732139109787,0.3465330439996832
119,-0.3,-0.2,0.0,2.150463342666626,0.6220332459768682,0.07398286956804301,0.8527784440255458
120,1.5,1.0,0.0,2.1504626274108887,0.10545154520207123,0.3382535423370431,0.7147186832247465
121,2.5,1.6,0.0,2.1504623889923096,0.2601565148078173,0.454035590991414,0.15109604669771093
122,3.0,2.0,0.1,2.1504626274108887,0.28483156680620214,0.760314572216186,0.8583811016038313
123,3.0,1.9,-0.0,2.150460720062256,0.6716906902415088,0.9077955056542257,0.3594008482254464
124,-1.3,-0.9,-0.0,2.1504595279693604,0.28113718552173605,0.3300509341824527,0.23695231806322214
125,-0.1,-0.1,-0.0,2.150454044342041,0.303416926698615,0.3769943173946586,0.49719355357290873
126,-0.1,-0.1,-0.0,2.150451421737671,0.020108634818580162,0.7647024362146161,0.390677383716294
127,0.2,0.1,0.0,2.150448799133301,0.31189193165541995,0.8941659222815422,0.053696959312864556
128,-0.5,-0.3,-0.0,2.1504485607147217,0.19940626076700418,0.6288069833993848,0.809542626049225
129,8.1,5.3,0.1,2.15044903755188,0.3844816150659779,0.5376154747012614,0.2490608770166588
130,5.2,3.4,0.1,2.150449514389038,0.5456800984207878,0.10730227251826474,0.16897807020298627
131,5.2,3.4,0.1,2.1504507064819336,0.7301207094410955,0.9004548766533801,0.9077686024756025
132,4.4,2.9,0.1,2.150456428527832,0.8652254777004763,0.578848329594436,0.7995805771550513
133,4.7,3.1,0.1,2.1504530906677246,0.29957043947297357,0.2501021367264531,0.7325198513329001
134,4.3,2.8,0.0,2.1504549980163574,0.081647980106621,0.590170471199603,0.38892466143643556
135,4.6,3.0,0.1,2.150454521179199,0.2028275716340271,0.21498238079952414,0.3382607658183707
136,4.4,2.9,0.1,2.1504547595977783,0.9322759376776177,0.25716885962207725,0.999386924643984
137,4.4,2.9,0.1,2.1504557132720947,0.008207459747909707,0.15780446561383688,0.8470604508143171
138,3.9,2.6,0.0,2.1504580974578857,0.2088597259015028,0.2016857774663915,0.48731215726169397
139,4.3,2.8,0.0,2.150463819503784,0.3397532727864463,0.9796076010470985,0.4689411773438854
140,0.2,0.1,0.0,2.1504740715026855,0.9832291109594397,0.38455460594013025,0.6727376315985402
141,-0.0,-0.0,0.0,2.150453567504883,0.6197441759188922,0.40271997739858223,0.13237966395153788
142,4.5,3.0,0.1,2.150423288345337,0.40959614364738883,0.17654347729735442,0.07885374158871461
143,3.9,2.5,0.0,2.1505093574523926,0.8966568228292662,0.8945560398772263,0.7549512313023997
144,-0.0,-0.0,-0.0,2.15055251121521,0.6539825323472891,0.9590385508103734,0.28285602082986405
145,-0.6,-0.4,-0.0,2.1504125595092773,0.04798137034933858,0.320782502553574,0.7419921749054916
146,-1.9,-1.2,-0.0,2.150419235229492,0.4562161370032367,0.1587372008519714,0.1569769038865486
147,-1.8,-1.2,-0.0,2.1504874229431152,0.5167424181458868,0.7725896654738975,0.8620937399814724
148,-2.8,-1.8,-0.0,2.150474786758423,0.781877631078008,0.7821868733232598,0.02675165808896285
149,-2.2,-1.5,-0.0,2.1504640579223633,0.12259535263249821,0.4705671356610609,0.7355600334142582
150,-1.8,-1.2,-0.0,2.1504666805267334,0.9965395586439721,0.312172328451214,0.8589962078289693
151,0.1,0.1,0.0,2.150467872619629,0.347738098569472,0.49838714724576305,0.5456979821038336
152,-2.3,-1.5,-0.0,2.1504714488983154,0.3571184564114015,0.42522387749548174,0.6202791768311429
153,-4.6,-3.0,-0.1,2.150473117828369,0.9959345442414553,0.466816600276321,0.9299683207141742
154,-3.3,-2.2,-0.0,2.150474786758423,0.2890058944140196,0.23801252575300902,0.052512286278719844
155,-1.2,-0.8,-0.0,2.1504743099212646,0.004198169982530198,0.4674407761220354,0.4818285191332725
156,-0.8,-0.5,-0.0,2.1504738330841064,0.253551237356998,0.9956016614027994,0.03114653369077869
157,0.8,0.5,0.0,2.1504709720611572,0.11560599023838247,0.5309393204887326,0.7007306205143176
158,1.0,0.7,0.0,2.1504695415496826,0.9659547273514153,0.9426531471968213,0.9086981684326931
159,2.2,1.5,0.0,2.1504688262939453,0.7163559974242361,0.6735624031764879,0.0017725500945440231
160,2.3,1.5,0.0,2.1504666805267334,0.47055565902130847,0.4991504810412043,0.3435175698016609
161,3.2,2.1,0.0,2.1504650115966797,0.24807899099476394,0.8083297119409442,0.6009499410018411
162,3.1,2.0,0.0,2.150463819503784,0.20887935942746205,0.8535182399373878,0.879897296480959
163,3.8,2.5,0.1,2.150461196899414,0.5896076526564151,0.9501243588223688,0.9920533434862298
164,2.8,1.8,0.0,2.1504602432250977,0.4549172391502496,0.09424175031100912,0.9081963033531709
165,1.2,0.8,0.0,2.1504602432250977,0.05623892792279073,0.5205726776812342,0.025497365754813095
166,-0.9,-0.6,-0.0,2.1504592895507812,0.9652467524703378,0.6083698019524628,0.45614999071018814
167,0.2,-4.1,-0.0,2.150458812713623,0.4548114091402431,0.5606643525997614,0.11949932941810348
168,-3.4,-1.0,-0.0,2.1504592895507812,0.31623318578626836,0.3744149380408457,0.6463707003138286
169,-2.7,-1.2,-0.0,2.150460720062256,0.8003041833879785,0.8202625417316508,0.33752812642329477
170,-3.3,-2.0,-0.0,2.1504642963409424,0.6874616039300249,0.29779788053269296,0.25428349602158495
171,-2.6,-1.7,-0.0,2.150465488433838,0.06020740384093681,0.5497915062725036,0.8264942122575478
172,-3.5,-2.3,-0.0,2.150468587875366,0.8684304716733194,0.9627704059371212,0.5813151831776021
173,-2.7,-1.7,-0.0,2.15047025680542,0.20474357012952105,0.39572373637239633,0.8901454036222359
174,-3.6,-2.3,-0.0,2.150473117828369,0.5336804834788119,0.9792469260356408,0.697211408998575
175,-2.7,-1.7,-0.0,2.150473117828369,0.5152540780546523,0.6570265957865529,0.8460271037355649
176,-1.1,-0.7,-0.0,2.147144317626953,0.9496127063183231,0.6622040751404028,0.5825744876773696
177,0.2,0.1,0.0,2.1423912048339844,0.9631927966900481,0.044560706748485335,0.10244684642803403
178,-6.7,-4.3,-0.1,2.1400742530822754,0.27055274355923986,0.23388776077833884,0.6998498396646406
179,-6.3,-4.0,-0.1,2.1389589309692383,0.5351654637554749,0.09796883366118181,0.19175921966432474
180,-2.9,-1.8,-0.0,2.138422966003418,0.6082561371888766,0.7927618299027187,0.9732304790363034
181,-2.8,-1.8,-0.0,2.1381635665893555,0.7188275084180811,0.7093613586770204,0.2727377145166501
182,-1.1,-0.7,-0.0,2.138035297393799,0.27127923733544446,0.1779543897082212,0.4837097222051816
183,-1.2,-0.7,-0.0,2.137972354888916,0.017083252912439062,0.06563034781471255,0.5961125911025692
184,0.3,0.2,0.0,2.137941360473633,0.3470574632230756,0.1623662552517794,0.27543394089753126
185,0.4,0.2,0.0,2.1379261016845703,0.7647851617564613,0.10076700130835148,0.17075516344969255
186,1.0,0.7,0.0,2.1379177570343018,0.1718024101174901,0.5845099130919347,0.012933619941570496
187,-0.5,-0.3,-0.0,2.1379098892211914,0.6790859262008873,0.6676203847245014,0.1439576881253234
188,0.9,0.5,0.0,2.137908458709717,0.31699664752744805,0.6539308988947656,0.9455297875904174
189,12.3,7.8,0.1,2.1379055976867676,0.9975949167221222,0.32569226650794236,0.8229069759456928
190,9.2,5.9,0.1,2.1379051208496094,0.30770993562646676,0.35438639787343373,0.10923667036044671
191,7.1,4.5,0.1,2.1379027366638184,0.6604877911731367,0.43635463821150555,0.9137584430555071
192,4.4,2.8,0.0,2.137901544570923,0.3192408521080359,0.4638844179624215,0.02350789210219295
193,3.0,1.9,0.0,2.13790225982666,0.9780399748589342,0.5992334683820912,0.6553937530126188
194,3.7,2.4,0.0,2.137901782989502,0.1240175713271029,0.5378046789601675,0.40148078067078385
195,3.5,2.2,0.0,2.137902021408081,0.8755204878795192,0.9864008265898823,0.28217611423556677
196,3.3,2.1,0.0,2.13790225982666,0.34032126885800207,0.728034678868242,0.03632452991632662
197,0.8,0.5,0.0,2.137901544570923,0.09028187028722356,0.49829031873840257,0.052951193744511516
198,-0.5,-0.3,-0.0,2.1379055976867676,0.6620269974228365,0.49232899320915924,0.49750272178926036
199,-2.1,-1.3,-0.0,2.1379096508026123,0.602403862430494,0.7353259260161822,0.5203329237382276
200,-2.3,-1.4,-0.0,2.1379170417785645,0.4548485770800995,0.9981838979521916,0.29386548303626003
201,-3.5,-2.2,-0.0,2.1379189491271973,0.48960298356587917,0.8625554777462782,0.9908242313874992
202,-2.6,-1.7,-0.0,2.137920379638672,0.5729736794109931,0.16252942467707898,0.6143479012442608
203,-2.8,-1.8,-0.0,2.1379218101501465,0.791279451161268,0.1757409091232891,0.8342647955452147
204,-1.1,-0.7,-0.0,2.1379237174987793,0.979907982646508,0.3127437239284643,0.0790627539238119
205,-0.7,-0.5,-0.0,2.1379265785217285,0.6413071690764982,0.10341647099279228,0.1598218625221841
206,0.9,0.5,0.0,2.137927293777466,0.01874399141780947,0.858209011494147,0.09732486997967893
207,1.1,0.7,0.0,2.1379284858703613,0.3108838668496585,0.40200711737036277,0.5786264008233266
208,4.1,-1.7,0.0,2.1379294395446777,0.17368444359991486,0.7125566233895113,0.5996773419079995
209,1.8,2.4,0.0,2.1379284858703613,0.12548927359314077,0.7581509108187979,0.8049674853543811
210,3.1,2.4,0.0,2.1379270553588867,0.8942826858978805,0.4541357056743349,0.8272493320054218
211,2.4,1.6,0.0,2.137925148010254,0.5121872201011103,0.8210758888484568,0.037715420392668286
212,1.0,0.6,0.0,2.1379222869873047,0.17992134821923644,0.536747322592853,0.9277125015834728
213,-1.1,-0.7,-0.0,2.137920379638672,0.9925483507868529,0.6677518662813622,0.5431840065311222
214,-1.6,-1.0,-0.0,2.1379194259643555,0.6399782567802653,0.026084635949033208,0.4322668968789952
215,-3.0,-1.8,-0.0,2.1379189491271973,0.8445120283067337,0.4015214460994674,0.1434322855631952
216,-2.3,-1.4,-0.0,2.1379199028015137,0.5134157872858353,0.3483391324155336,0.4312065116787318
217,-2.5,-1.5,-0.0,2.1345033645629883,0.6374470573105026,0.2836087042794677,0.2372666963995853
218,-0.9,-0.6,-0.0,2.129708766937256,0.8263204565465181,0.7309361780298721,0.9524558825288618
219,-0.5,-0.3,-0.0,2.1275010108947754,0.44876238078943675,0.4297634531611746,0.3720468896787231
220,1.0,0.6,0.0,2.1264915466308594,0.9057221632662167,0.14577896848468774,0.853105478928468
221,1.3,0.8,0.0,2.12601637840271,0.878140318515633,0.7025928924701954,0.6258344434814455
222,2.4,1.5,0.0,2.1257834434509277,0.15793828035175272,0.3468219042740345,0.4508166053224829
223,2.5,1.6,0.0,2.125668525695801,0.40193550644693,0.7801881040154102,0.13671892045724554
224,2.9,1.8,0.0,2.1256103515625,0.8481081665528494,0.9846231327571198,0.8300239694885102
225,0.8,0.5,0.0,2.125579833984375,0.47086137815065754,0.9330004143888225,0.5414380207541636
226,-0.6,-0.4,-0.0,2.1255643367767334,0.16069483934037632,0.9020175451466703,0.8900796048177161
227,-2.2,-1.4,-0.0,2.1255557537078857,0.004852646890947221,0.44804913636154187,0.8776618590400609
228,-2.2,-1.4,-0.0,2.125552177429199,0.6100447050691596,0.8187462780005961,0.7175567021751007
229,-2.9,-1.8,-0.0,2.1255505084991455,0.27490675486616745,0.11798277458012518,0.4622305143405391
230,-1.8,-1.1,-0.0,2.12554931640625,0.21113389124533166,0.6430698973327188,0.5484778325901836
231,-1.6,-1.0,-0.0,2.1255505084991455,0.27914985608753795,0.4531453504697932,0.86865126313578
232,0.1,0.1,0.0,2.12555193901062,0.004631774069796757,0.6532635396182846,0.3522065753241148
233,0.5,0.3,0.0,2.125553846359253,0.8356480232220829,0.6549113420670866,0.17536262850304807
234,1.8,1.1,0.0,2.1255545616149902,0.5374972158750835,0.8735979864259129,0.9580095014214267
235,1.9,1.2,0.0,2.1255548000335693,0.5909079221490773,0.960507917201725,0.5558190031062509
236,3.0,1.8,0.0,2.1255545616149902,0.7805877713480996,0.9024413982425287,0.6334860765030546
237,2.9,1.8,0.0,2.1255550384521484,0.7098648649175117,0.20071207305271221,0.4784731319380783
238,2.9,1.8,0.0,2.1255545616149902,0.037105635213235955,0.5227451977167299,0.5420431948371646
239,0.5,0.3,0.0,2.125553607940674,0.15249159168175153,0.5073338910366749,0.8775595050250589
240,-0.6,-0.4,-0.0,2.125551223754883,0.734363384086029,0.7782105512883924,0.2183766156676249
241,-2.2,-1.4,-0.0,2.1255505084991455,0.9248239636367719,0.46717682862308363,0.3266881193331185
242,-2.3,-1.4,-0.0,2.1255500316619873,0.779879440421341,0.6061867766580078,0.28052344602225954
243,-3.5,-2.2,-0.0,2.1255505084991455,0.9983846182459788,0.2337390388660202,0.6854979483068185
244,-2.6,-1.6,-0.0,2.125551700592041,0.6462147632082362,0.5085149672287955,0.7788375263689826
245,-2.8,-1.7,-0.0,2.125552177429199,0.4370456293446511,0.6176748783384525,0.6817681158053277
246,-1.1,-0.7,-0.0,2.1255545616149902,0.527538538491711,0.8688750652412318,0.0546799095376721
247,-0.7,-0.4,-0.0,2.125555992126465,0.5746317343761137,0.7464589318561603,0.2862350770569362
248,0.9,0.5,0.0,2.1255578994750977,0.8909654919043869,0.24043236187091688,0.003232697291418618
249,1.1,0.7,0.0,2.125558376312256,0.4663266433048032,0.6756918260281651,0.17485232065988787
250,2.3,1.4,0.0,2.1255576610565186,0.6559615345589619,0.2211909097058058,0.7026963202510824
251,2.4,1.5,0.0,2.125556707382202,0.42820293028185186,0.2992957077929702,0.4650189801151732
252,3.3,2.0,0.0,2.1255550384521484,0.8947087921378886,0.07983471306781387,0.7642938237065087
253,2.7,1.6,0.0,2.1255545616149902,0.15498803755173607,0.05623765640485301,0.8074030926466738
254,1.3,0.8,0.0,2.1255531311035156,0.8698644897347164,0.7160476588717095,0.754110738958925
255,-1.0,-0.7,-0.0,2.125552177429199,0.9780494812010954,0.7677472394361589,0.3460906625149588
256,-1.6,-1.0,-0.0,2.125551700592041,0.041059132653500474,0.007019552616652325,0.21806534011390855
257,-2.9,-1.8,-0.0,2.125549554824829,0.5458361048981469,0.48189594120396606,0.09612148249240449
258,-2.3,-1.4,-0.0,2.1255502700805664,0.9130879014955037,0.33782042743976737,0.6032799152213857
259,-2.5,-1.5,-0.0,2.125551700592041,0.7982471202660358,0.01240385920865883,0.5620772852299328
260,-0.9,-0.6,-0.0,2.1255531311035156,0.43143621736643933,0.4016780058954602,0.9295733477571997
261,-0.5,-0.3,-0.0,2.1255533695220947,0.03539762730300333,0.7327049125009024,0.7497186775501851
262,1.0,0.6,0.0,2.1255550384521484,0.5191318072205447,0.041029087440262235,0.9617710796454685
263,1.3,0.8,0.0,2.125556468963623,0.1320480964242825,0.23932044869949343,0.18039505240105957
264,2.4,1.5,0.0,2.125556230545044,0.5193782508782419,0.458007646641972,0.7775713651853344
265,2.2,1.4,0.0,2.1255574226379395,0.6355822126374389,0.9532575983703578,0.6386588087480981
266,1.5,0.9,0.0,2.1255574226379395,0.17490740361404633,0.06458571800387736,0.9214386659479549
267,-0.8,-0.5,-0.0,2.1255545616149902,0.3367368462420568,0.14486781812307403,0.4168491998793672
268,-1.2,-0.7,-0.0,2.1255528926849365,0.5291667067045684,0.13347696070621506,0.6783928609046147
269,-2.3,-1.4,-0.0,2.125552177429199,0.6032290749172731,0.06391149895294124,0.5345523040189775
270,-2.1,-1.3,-0.0,2.12555193901062,0.04946959160531206,0.8938452526112487,0.3800447326420592
271,-3.1,-1.9,-0.0,2.125551462173462,0.936367599367694,0.12852044336407942,0.3463557923686058
272,-2.5,-1.5,-0.0,2.125552177429199,0.17598672870377208,0.4729455917742078,0.07211842573649319
273,-3.3,-2.1,-0.0,2.1255526542663574,0.7432994713777862,0.4127557164122968,0.9061725897741828
274,-2.1,-1.3,-0.0,2.125554323196411,0.9562413165645669,0.09278044033568422,0.8446606013581284
275,-3.7,1.2,-0.0,2.1255555152893066,0.10775954677571564,0.7687257359118517,0.9539526432734368
276,-2.1,2.3,-0.0,2.1255569458007812,0.5884241682528608,0.053358995878578175,0.2775821133529235
277,-1.1,1.7,-0.0,2.1255574226379395,0.5895341958063054,0.5888574747363444,0.3168785054754655
278,2.2,-0.5,0.0,2.1255574226379395,0.6760138059454073,0.22008362812271454,0.12134534844684208
279,0.5,-0.4,0.0,2.125555992126465,0.7618204702717023,0.010500324235171221,0.3964290996488571
280,-0.3,-0.4,-0.0,2.125553846359253,0.03751438208768665,0.4767472935554947,0.7264098328936368
281,-1.6,-1.2,-0.0,2.1255528926849365,0.5668837871752997,0.04946302590783391,0.5885966896759954
282,-1.5,-1.0,-0.0,2.1255505084991455,0.2749964224116833,0.9868630238235144,0.16854959718892149
283,-2.5,-1.7,-0.0,2.12554931640625,0.275300655262087,0.6744198591102871,0.4435138609312226
284,-2.0,-1.3,-0.0,2.128533363342285,0.26816393153301443,0.5423229318023456,0.014062963777017767
285,-2.9,-1.9,-0.0,2.1370139122009277,0.8960176769689719,0.7468763602481142,0.18346545627142563
286,-1.7,-1.1,-0.0,2.1481361389160156,0.09665713255025943,0.587333315198398,0.7085620624988908
287,-1.8,-1.2,-0.0,2.15633225440979,0.013162828396225512,0.4338050114555676,0.6237993889424921
288,-0.2,-0.1,-0.0,2.1600496768951416,0.9602658376125975,0.6958806262006455,0.3215369178753281
289,0.0,0.0,0.0,2.161762237548828,0.0508223641559199,0.5448696280608316,0.21575250891440922
290,1.4,1.0,0.0,2.162560224533081,0.6691312379543678,0.6167218689380588,0.9213095127744009
291,1.6,1.1,0.0,2.1629343032836914,0.04858650220937122,0.1602407345231781,0.4633622641519366
292,2.7,1.8,0.0,2.1631078720092773,0.9039103091706846,0.19136528119714824,0.652958975461907
293,2.6,1.8,0.0,2.16318941116333,0.1480833391262889,0.5616440041107232,0.6374695733640592
294,3.4,2.3,0.0,2.16322660446167,0.5841659335402323,0.6433965362591745,0.36644986742110697
295,3.3,2.2,0.0,2.163241147994995,0.5478078133399361,0.5306564896908879,0.29549922936065753
296,3.9,2.6,0.0,2.16324782371521,0.16937608738780885,0.19498217707750354,0.9861643383298139
297,3.6,2.4,0.0,2.1632516384124756,0.17943142056262795,0.9052698738144019,0.4468684731436382
298,4.1,2.8,0.0,2.1632513999938965,0.5141148478487453,0.5037762180007799,0.12530210421755283
299,3.8,2.5,0.0,2.1632513999938965,0.41332912414022804,0.4214595436845585,0.8908318902043183
300,2.3,1.5,0.0,2.16325306892395,0.9278090942704602,0.0655080444667836,0.28587576501890066
301,-0.9,-0.6,-0.0,2.163252353668213,0.8440028193802274,0.3430206460919393,0.7675321175945355
302,1.0,0.7,0.0,2.1632537841796875,0.9095617464177497,0.814425592557818,0.7159271894833333
303,5.8,3.9,0.1,2.1632566452026367,0.23726970466596498,0.13789353518805703,0.8688021443928929
304,1.2,0.8,0.0,2.1632604598999023,0.180407774560278,0.6954410181789115,0.5248466782913018
305,-0.6,-0.4,-0.0,2.163259744644165,0.9619462255215083,0.07657331990950711,0.6262670357782636
306,-1.1,-0.7,-0.0,2.1632637977600098,0.8564298177984961,0.9294993141703347,0.36874213998175753
307,-2.2,-1.5,-0.0,2.163267135620117,0.31528804464028715,0.8000607095068444,0.21040132313269821
308,-2.0,-1.3,-0.0,2.1632697582244873,0.5993948258831718,0.39335324585131937,0.5158613919977644
309,-2.9,-1.9,-0.0,2.163273572921753,0.44450909567279795,0.8226381511188234,0.5176512544504274
310,-1.7,-1.1,-0.0,2.163274049758911,0.7986250368824445,0.7894026035526946,0.5903810216265232
311,-0.4,-0.3,-0.0,2.1632750034332275,0.4529141887849081,0.3270675087421784,0.6730435451127379
312,0.1,0.1,0.0,2.1632766723632812,0.7406733757016175,0.44321916060828015,0.07694672883235598
313,-5.4,-3.6,-0.1,2.1632795333862305,0.8655687272656031,0.9264544311405631,0.9511839809085583
314,-4.1,-2.7,-0.1,2.1632800102233887,0.42487509791596945,0.7478915360630985,0.11212978343409019
315,-4.5,-3.0,-0.1,2.1632797718048096,0.6155187642779248,0.8519933162403384,0.32389980590022405
316,-3.2,-2.2,-0.0,2.1632790565490723,0.20325619151216945,0.23698133796460719,0.7906507232134934
317,-4.0,-2.7,-0.0,2.1632771492004395,0.3953508540223194,0.051982506098766756,0.18511819137833718
318,-2.8,-1.9,-0.0,2.163276433944702,0.2234914163452234,0.12566944286678972,0.9847445675291433
319,-3.7,-2.5,-0.0,2.163273811340332,0.9419486087207406,0.38224228443288644,0.7687489986863295
320,-2.5,-1.7,-0.0,2.1632726192474365,0.13023416272059107,0.42603758063072794,0.29433544657581523
321,-1.7,-1.1,-0.0,2.163270950317383,0.4215048624829981,0.04995382110243218,0.9975277043003429
322,0.2,0.1,0.0,2.1632680892944336,0.8301894966722293,0.45676571156471524,0.7323952984573033
323,-2.7,-5.2,-0.1,2.1632659435272217,0.5454305731950208,0.3605149498428457,0.010081688799042698
324,-4.9,-6.0,-0.1,2.163261890411377,0.3142762254949998,0.28457793179701507,0.47715724642285096
325,-2.4,-3.2,-0.0,2.1632580757141113,0.26299805622403694,0.36546539685326274,0.3958647952358102
326,-1.6,-2.5,-0.0,2.1632556915283203,0.007141432579449436,0.5574107123105977,0.5016743469860049
327,-2.4,0.7,-0.0,2.1632518768310547,0.7579000745034761,0.9369574701601783,0.20771361158032242
328,-1.4,-0.0,-0.0,2.16325044631958,0.674413377369306,0.7427855483878183,0.39996995760561105
329,-1.3,-0.4,-0.0,2.1632494926452637,0.10253821403843366,0.2426845706119367,0.9229979137725317
330,-1.6,-0.8,-0.0,2.1632463932037354,0.8258788806805228,0.5339635368310555,0.9375699038750548
331,-0.7,-0.3,-0.1,2.16324520111084,0.7605029274748352,0.9065999345046953,0.8648614051710412
332,-0.1,-0.0,0.1,2.1604127883911133,0.8395297621302319,0.5743469567139965,0.09421002580282956
333,1.4,0.9,0.0,2.152883529663086,0.34374912414129144,0.21078384487435475,0.6283230479722078
334,-0.5,-0.3,-0.0,2.143125534057617,0.23168279912645884,0.6186649604145443,0.9716448660664151
335,0.2,0.1,-0.0,2.1329832077026367,0.6430215072461275,0.2508992650819041,0.7998919020240144
336,0.0,0.0,0.0,2.1262505054473877,0.9058058709895643,0.0397976847104079,0.8543007402599464
337,-0.1,-0.1,-0.0,2.123255491256714,0.8582398372186777,0.17132409981403696,0.02016953313232006
338,4.2,6.2,0.1,2.1220760345458984,0.11769766760487621,0.8694718204159633,0.696233738237571
339,7.4,7.6,0.1,2.1214911937713623,0.06513706162187827,0.71064501588752,0.6183265697429058
340,7.3,2.4,0.1,2.12129282951355,0.8148120529833289,0.9110135853927465,0.8702576518428721
341,2.1,0.6,0.0,2.121063709259033,0.8040511784371823,0.19697991359087785,0.9136039760763255
342,0.4,-0.1,0.0,2.1203203201293945,0.3926954355880765,0.9090465388857519,0.8454851702137746
343,-0.4,-0.4,0.0,2.1200265884399414,0.21487442202828477,0.9080819747438943,0.7997525608876775
344,-0.6,-0.5,-0.0,2.119828224182129,0.14462616850570287,0.8927125677142873,0.9781582646402515
345,-0.1,-0.1,0.0,2.1198132038116455,0.9792836960315491,0.18293379760374373,0.34998157991332546
346,0.6,0.4,0.0,2.1197333335876465,0.5959494862283489,0.7212509561214628,0.736580166964722
347,1.4,0.9,0.0,2.122586488723755,0.2281013736148324,0.35102782377241604,0.7859936325618481
348,2.1,1.3,0.0,2.130297899246216,0.7270780429963566,0.15717242023252465,0.3633010795041809
349,2.6,1.7,0.0,2.1366305351257324,0.3810941493079403,0.26224803584249856,0.7404632243128707
350,3.0,1.9,0.0,2.1386756896972656,0.5042529377292215,0.9049533680770893,0.8425992070136378
351,3.4,2.2,0.0,2.1404004096984863,0.5072262718562878,0.16753891086306172,0.8197055921888099
352,3.6,2.3,0.0,2.140407085418701,0.44891842906193646,0.18108930859420425,0.893295803085322
353,3.8,2.4,0.0,2.141237735748291,0.8274868413148201,0.726483183478958,0.0021584942671341034
354,3.9,2.5,0.0,2.1408119201660156,0.4875469390500151,0.3159107934675083,0.291333596587513
355,4.0,2.6,0.1,2.141418218612671,0.5153966049767523,0.8467723096971997,0.9905762370741762
356,4.1,2.6,0.0,2.1409265995025635,0.9327843627714102,0.1476136478662008,0.16899324802703242
357,0.4,0.2,0.0,2.141446113586426,0.7735060570189021,0.6768290699285463,0.8018398199481279
358,-0.1,-0.1,-0.0,2.140970230102539,0.6574393421297898,0.8801458006472568,0.4972578114730428
359,5.4,3.5,0.1,2.1414434909820557,0.7033280463665861,0.4605121888499799,0.34749873793493447
360,6.3,4.0,0.1,2.140996217727661,0.3387299235150424,0.20192460584783223,0.25074674202910807
361,2.4,1.5,0.0,2.1414356231689453,0.3482690351581115,0.6221116207074333,0.43344137710547714
362,0.0,-0.0,-0.0,2.141018867492676,0.6770547565685359,0.5855081392968591,0.849725507550429
363,-1.1,-0.7,-0.0,2.141427516937256,0.9257583012309201,0.785385719743868,0.08521519421857182
364,-1.8,-1.2,-0.0,2.141038417816162,0.3545797160289651,0.7089620147838483,0.10904202288951526
365,-2.3,-1.5,-0.0,2.1414198875427246,0.3640604656384102,0.41339513800252925,0.5249901044792292
366,-2.5,-1.6,-0.0,2.1408934593200684,0.8094985115480078,0.0839045789671059,0.11918195791458752
367,-2.2,-1.4,-0.0,2.141263246536255,0.5510765108757631,0.7626496386601392,0.1870395342454042
368,-1.5,-0.9,-0.0,2.140737771987915,0.5215718590069575,0.6238783510534053,0.207025435278947
369,-3.0,-1.9,-0.0,2.140615463256836,0.28672676061411273,0.36234634107198516,0.8894560722027084
370,-6.9,-4.4,-0.1,2.140324592590332,0.0936781223226496,0.3234647568963146,0.9663785234657483
371,-4.3,-2.7,-0.1,2.140651226043701,0.7841231103701239,0.8061054547466657,0.2466456889680586
372,-2.8,-1.8,-0.0,2.1401987075805664,0.696291868795161,0.25134844856371574,0.27722213512660554
373,-1.5,-1.0,-0.0,2.140629768371582,0.869724981294087,0.8834552772805214,0.9319208131827635
374,-0.5,-0.3,-0.0,2.14017915725708,0.12732343667200285,0.8514310260653645,0.3434911939401091
375,0.4,0.3,0.0,2.140624761581421,0.36252100947650034,0.405407141790307,0.8234919633142566
376,1.0,0.7,0.0,2.1401991844177246,0.4571884850656682,0.3868984328865296,0.21148026204690895
377,0.4,0.3,0.0,2.140713691711426,0.3172803733116709,0.5038144716585189,0.6511803137520449
378,-0.6,-0.4,-0.0,2.1405282020568848,0.5034088380993876,0.5044273705111223,0.07494056571080665
379,-1.4,-0.9,-0.0,2.140782356262207,0.6825580442740756,0.5312623547092928,0.8275735351576206
380,-1.8,-1.2,-0.0,2.1404128074645996,0.21226613374996706,0.4097509001989812,0.048518004172788065
381,-2.2,-1.4,-0.0,2.140937328338623,0.9783246224194876,0.12187971495727534,0.8838226316996114
382,-2.4,-1.6,-0.0,2.14044451713562,0.7926872437490717,0.9301274721001764,0.905222482456094
383,-2.6,-1.7,-0.0,2.140964984893799,0.3721369991584923,0.995302337355383,0.4393562092456731
384,-1.2,-0.8,-0.0,2.140469789505005,0.5389174900640059,0.14797035786290158,0.7940870323524274
385,-0.2,-0.1,-0.0,2.1409640312194824,0.27961816260687833,0.4606176117650801,0.9251915478233128
386,-4.0,-2.6,-0.0,2.140469551086426,0.24861889156266137,0.9156220242149742,0.9529908500100047
387,-6.5,-4.2,-0.1,2.1409802436828613,0.5313351687278871,0.35624656796820175,0.2643707590567862
388,-2.5,-4.7,-0.0,2.1404643058776855,0.9578155858654511,0.8549555396810725,0.5876802699464528
389,-2.9,-0.7,-0.0,2.1409850120544434,0.37652298297452524,0.06605526671057671,0.21868016233922705
390,-1.8,-0.6,-0.0,2.140460968017578,0.3527319922330563,0.4573411922224936,0.02990174177966687
391,-1.2,-0.6,-0.0,2.140993118286133,0.709121699026885,0.05839841664793266,0.552064519565546
392,-1.2,-0.7,-0.0,2.1404595375061035,0.16092673082372644,0.704493830965005,0.41224844648801007
393,-1.7,-1.0,-0.0,2.1411304473876953,0.4927035379555561,0.6677318078582362,0.642056195796227
394,-2.0,-1.2,-0.0,2.1406896114349365,0.16679038464395302,0.6786581061051438,0.0808260998309206
395,-2.2,-1.4,-0.0,2.1411304473876953,0.29666010368044404,0.5770598649457404,0.9362722046649975
396,-2.1,-1.3,-0.0,2.1412997245788574,0.718646957126843,0.1655851823405159,0.29238780255688157
397,-0.7,-0.4,-0.0,2.1395182609558105,0.5582095806427589,0.6969856431748996,0.9758808250707748
398,2.1,1.3,0.0,2.135688066482544,0.8215087155606292,0.2927364207595763,0.843482753311633
399,-1.1,-0.7,-0.0,2.1348419189453125,0.7808020537383398,0.5894516664841458,0.05585588794245078
400,-0.5,-0.3,-0.0,2.133549690246582,0.7698319627761667,0.3540734446990259,0.6829886772731137
401,7.2,4.5,0.1,2.1338038444519043,0.35020742639229807,0.18548692254313737,0.9931683704789371
402,1.0,0.6,0.0,2.1330366134643555,0.8500297592870436,0.35466157204259996,0.002350910903638481
403,-0.1,-0.1,0.0,2.133561134338379,0.029575079602779164,0.5541114714739023,0.0513062871816371
404,-0.1,-0.1,-0.0,2.1329143047332764,0.7551112293559036,0.39913741813774595,0.18914493066658356
405,5.4,3.4,0.1,2.1335043907165527,0.8882342734485696,0.6778720734986544,0.7286678435655873
406,8.3,5.3,0.1,2.132889747619629,0.6987160827584877,0.0568079198408421,0.3387825889668522
407,6.5,4.2,0.1,2.133053779602051,0.8393236219057447,0.11594031805845173,0.4514834545789679
408,3.9,2.4,0.0,2.132981777191162,0.7776693089898129,0.741129088796497,0.532984960250511
409,3.6,2.3,0.0,2.132873058319092,0.4416986790450327,0.5678960301191922,0.9260196877982539
410,3.8,2.4,0.0,2.132749557495117,0.13592713447702232,0.9730502887152015,0.8363433130199924
411,3.9,2.5,0.0,2.1328489780426025,0.18047278167449832,0.843742220228291,0.913317826185263
412,4.0,2.5,0.0,2.1327638626098633,0.5229969932576761,0.8725493967376294,0.7281835671569937
413,4.1,2.6,0.0,2.1328063011169434,0.37193453084315464,0.6816961407782172,0.18718923231499285
414,4.1,2.6,0.0,2.132744312286377,0.10523869694740873,0.7157861327634699,0.9148503688334096
415,0.4,0.2,0.0,2.1330811977386475,0.6096098888343207,0.8527194732914696,0.5176041905270876
416,-0.1,-0.1,0.0,2.132913589477539,0.9200852606842369,0.9494918535861594,0.2006321323564373
417,5.0,3.1,0.1,2.1333303451538086,0.5821063022766254,0.41459448226670814,0.8846890974614013
418,3.8,2.3,0.0,2.1329102516174316,0.14696103342833966,0.6413055980059232,0.45707214033871313
419,0.1,0.0,-0.0,2.133366823196411,0.1830169025455216,0.961066699952537,0.7621658456413413
420,-2.2,-1.4,-0.0,2.1329751014709473,0.03358274430373409,0.7568662497467227,0.44272036027566286
421,-3.6,-2.3,-0.0,2.1333751678466797,0.41271219940022663,0.3611906680731093,0.7592014882010869
422,-4.3,-2.7,-0.1,2.132984161376953,0.03282305932386931,0.4825430076616407,0.19805058533275355
423,-4.7,-3.0,-0.1,2.13336443901062,0.6188664751731561,0.29692704785205193,0.2805619342449237
424,-4.9,-3.1,-0.1,2.1328375339508057,0.26092936309496795,0.04573674102172087,0.02860370261434908
425,-4.8,-3.0,-0.1,2.133208751678467,0.5756857229481087,0.5506944859928573,0.3288644406221114
426,-4.5,-2.8,-0.1,2.132660388946533,0.1962520147385276,0.8622938626284847,0.511818083415798
427,-5.5,-3.4,-0.1,2.1326417922973633,0.8902179571216132,0.07216052537330331,0.16331212239123105
428,-10.6,-6.7,-0.1,2.1322007179260254,0.9914093825275084,0.6064304434084112,0.6285034721490478
429,-22.0,-13.9,-0.3,2.1326394081115723,0.06582514003338469,0.9888265377056183,0.34515521758443257
430,-19.7,-12.5,-0.3,2.1321287155151367,0.3774079673623416,0.8716637540411503,0.04811038933092304
431,-19.8,-12.6,-0.2,2.1326072216033936,0.8832900011043954,0.4562990972094556,0.054239812288039646
432,-19.5,-12.5,-0.2,2.132110595703125,0.1420024555468664,0.4341761483562675,0.779119594359664
433,-19.6,-12.3,-0.2,2.1326065063476562,0.2707154235965149,0.3206374928013562,0.7592999226721442
434,-3.7,-2.1,-0.0,2.1321187019348145,0.529346687715778,0.4640238144788127,0.3093711800585611
435,-0.2,-0.0,0.0,2.1326708793640137,0.13328401961824943,0.8618320863498865,0.3393119725966164
436,-0.0,-0.0,0.0,2.132397413253784,0.3726478169303308,0.9343740412223533,0.3663595445055291
437,-0.0,0.0,0.0,2.131908893585205,0.4002616505521269,0.6302681864637832,0.39398828420216425
438,0.0,0.0,0.0,2.131019115447998,0.45555459427690814,0.9489763160549096,0.23138570930325075
439,0.0,0.0,-0.0,2.132415771484375,0.3346481233903432,0.2587718110694045,0.6887346137333004
440,0.0,0.0,-0.0,2.135420322418213,0.24997257026368003,0.2810630058803891,0.6904829803415494
441,0.0,0.0,-0.0,2.138665199279785,0.3653878839230047,0.9045554615407723,0.42359780502006383
442,0.0,0.0,-0.0,2.1401755809783936,0.5571428327610041,0.8593528449976322,0.5787501918351591
443,0.5,0.3,-0.0,2.140183448791504,0.6881929353893302,0.656450971013426,0.3710426364652393
444,0.3,0.2,0.0,2.1401853561401367,0.9986558538074166,0.735716263109635,0.08902527836887097
445,0.0,0.0,-0.0,2.1401877403259277,0.8995812090447407,0.3145225427247411,0.13211792613331963
446,0.1,0.1,0.0,2.1401891708374023,0.13630655340669662,0.9872752081191962,0.7136256990650673
447,-0.1,-0.1,-0.0,2.140191078186035,0.7416972827790121,0.9472691289699705,0.00577261968391507
448,0.0,0.0,0.0,2.1401920318603516,0.16075037962608207,0.8892410671730647,0.009463652037499992
449,-0.1,-0.1,-0.0,2.140192985534668,0.4613068985828598,0.11318620287760084,0.5224292120228026
450,0.0,0.0,-0.0,2.140193462371826,0.2987520077342607,0.9994536388184028,0.17412502746451497
451,-0.1,-0.1,0.0,2.1401939392089844,0.8964024051725286,0.05857535486322751,0.19774340739962926
452,0.0,0.0,-0.0,2.1401937007904053,0.9983512204868944,0.662564552129828,0.8854015665751829
453,-0.1,-0.1,-0.0,2.1401944160461426,0.12724657237798798,0.9527719353341205,0.04702993533159161
454,0.0,0.0,0.0,2.1401939392089844,0.877990782608407,0.9861846375478799,0.1959910460341161
455,-0.1,-0.1,-0.0,2.1401944160461426,0.22881734261409026,0.12584760274176188,0.8122656110240888
456,0.0,0.0,0.0,2.1401944160461426,0.5641080423238316,0.006738078000551262,0.11777194852283968
457,-0.1,-0.1,-0.0,2.140194892883301,0.8850401732438125,0.1898156213109775,0.11130877089559921
458,0.0,0.0,0.0,2.1401944160461426,0.49625518690955983,0.3419832474222113,0.40354733105608964
459,-0.1,-0.1,-0.0,2.1401944160461426,0.701566508525131,0.03849994448146499,0.3492268855102104
460,0.0,0.0,-0.0,2.140194892883301,0.5202487886821637,0.7660327226174249,0.35630048554739036
461,-0.1,-0.1,-0.0,2.1401946544647217,0.8445746240176908,0.10527815505480942,0.8808060554291863
462,0.0,0.0,0.0,2.140194892883301,0.09405406660571758,0.3187387022690693,0.7240579508307998
463,-0.1,-0.1,0.0,2.1401944160461426,0.9823624234489966,0.35587827278164497,0.22471515486702665
464,0.0,0.0,-0.0,2.1401944160461426,0.4566707676460935,0.5530607052388792,0.2821954662880731
465,-0.1,-0.1,-0.0,2.140194892883301,0.48748784186378236,0.9577838533937212,0.6653072720177429
466,0.1,0.0,-0.0,2.140194892883301,0.952921473330031,0.8611555306085239,0.6964547942552883
467,-0.1,-0.1,-0.0,2.140195369720459,0.3278445648428874,0.44092086195397984,0.27389243219611825
468,0.1,0.0,-0.0,2.140194892883301,0.3495380314419967,0.4788266703804398,0.5658534785115918
469,-0.1,-0.1,0.0,2.140195369720459,0.15031306086936413,0.35202801211881884,0.698289792568085
470,0.1,0.0,0.0,2.140194892883301,0.8699025338632128,0.5927865384495536,0.9966833946648679
471,-0.1,-0.1,-0.0,2.14019513130188,0.15895865046346924,0.5627252867829963,0.13364368975731677
472,0.1,0.0,-0.0,2.140194892883301,0.8734299236637516,0.49542691615291223,0.07771739831381208
473,-0.1,-0.1,0.0,2.140195369720459,0.6523414986229518,0.018018819574689315,0.7035758079199677
474,0.1,0.0,-0.0,2.140195369720459,0.39916186036151124,0.12033546237921877,0.4770471025858024
475,-0.1,-0.1,-0.0,2.140195369720459,0.7314807223928946,0.18401288398335702,0.663745399309923
476,0.1,0.0,0.0,2.140195369720459,0.9663700532632296,0.36629721117274294,0.3763607746133857
477,-0.1,-0.1,-0.0,2.140195846557617,0.12611690448443302,0.2818180381157649,0.7283829886035705
478,0.1,0.1,0.0,2.140195369720459,0.3956605222564167,0.9517214208012684,0.9455257980278038
479,-0.1,-0.1,-0.0,2.140195369720459,0.7370381059643822,0.13711632373601312,0.9432791058968595
480,0.1,0.1,0.0,2.140195369720459,0.43134537939780027,0.7888671716981899,0.1941161663699298
481,-0.1,-0.1,-0.0,2.140195369720459,0.021163032799435877,0.7285057658753059,0.4507979425084585
482,0.1,0.1,0.0,2.140195369720459,0.10547579767933146,0.653200933198741,0.25532268730795793
483,-0.1,-0.1,-0.0,2.140195369720459,0.6095768406862909,0.7554720055646617,0.31911579503592924
484,0.1,0.1,0.0,2.140195369720459,0.3686008515086492,0.7275134579225306,0.093525006534385
485,-0.1,-0.1,-0.0,2.140195846557617,0.1904464713987143,0.22755382078141317,0.12936421400391918
486,0.1,0.1,0.0,2.140195369720459,0.8148589398343802,0.10700496168199447,0.04534547590839677
487,-0.1,-0.1,0.0,2.140194892883301,0.5318255930597661,0.1349682352933067,0.9625407356105896
488,0.1,0.1,0.0,2.140194892883301,0.9093348300903193,0.07386231285401612,0.9773481492090392
489,-0.1,-0.1,-0.0,2.140194892883301,0.3758494959278559,0.35276647008044626,0.266185443022529
490,0.1,0.1,0.0,2.140195369720459,0.6988298383587472,0.37889899117549974,0.9520338758328778
491,-0.1,-0.1,0.0,2.14019513130188,0.7579326902799493,0.3057605304449543,0.24562483654064649
492,0.1,0.1,-0.0,2.140194892883301,0.6452998763416145,0.5490224920003905,0.9426405887432261
493,-0.1,-0.1,-0.0,2.140195369720459,0.24792195821537177,0.24006995875746728,0.5267049842720775
494,0.1,0.1,0.0,2.140195846557617,0.921860197537594,0.21325193294823463,0.25118401846047034
495,-0.1,-0.1,-0.0,2.140195369720459,0.12674188788478502,0.23253897847401583,0.020801985065607376
496,0.2,0.1,0.0,2.140195369720459,0.9035666388680231,0.09587631753731729,0.9234977392885437
497,-0.1,-0.1,0.0,2.140195846557617,0.8480675178112577,0.1081826962081216,0.5703917415871324
498,0.2,0.1,-0.0,2.140195369720459,0.5421804992225787,0.47499503989146075,0.34976425760236385
499,-0.1,0.0,-0.0,2.140195369720459,0.7368069027915933,0.0776376110197019,0.8245104014603587
500,1.5,0.8,0.0,2.140195369720459,0.19269789857024655,0.959158342845003,0.40117545365933027
501,3.7,1.9,0.1,2.140195369720459,0.30253773063466505,0.3709932336341992,0.9699253072801398
502,2.8,1.6,0.0,2.140195369720459,0.45740650417153517,0.8544911381539421,0.07242913061904499
503,1.1,0.6,0.0,2.140195369720459,0.10068992321116421,0.5319674162856575,0.47887625811908163
504,2.5,1.3,0.0,2.1401915550231934,0.9559978467329804,0.35412099990738155,0.17177501727194566
505,1.2,-0.1,0.0,2.140188455581665,0.6309739628043907,0.9736344854778353,0.8648108249375681
506,0.5,-0.1,0.0,2.140188455581665,0.12403018709887881,0.2990357789891991,0.7023303900367894
507,-0.2,-0.1,-0.0,2.140193462371826,0.7826886259519588,0.8563689974096753,0.6780641411583836
508,-0.1,-0.3,0.0,2.140218496322632,0.12975915767847868,0.6303089090061849,0.4695930296937939
509,-0.5,-0.2,-0.0,2.1401662826538086,0.3086289214731065,0.11110150067600355,0.01693923656133245
510,-0.3,-0.3,-0.0,2.140247344970703,0.9075377471864713,0.6487886478171476,0.5437734112755568
511,-0.6,-0.2,0.0,2.1393070220947266,0.4028984944369457,0.703977898771749,0.16058446551162964
512,-0.2,-0.9,-0.0,2.138800621032715,0.9165220518704579,0.5853938696079263,0.6747380195448834
513,-0.6,-0.2,-0.0,2.1375961303710938,0.44379729555881786,0.8364538291154293,0.5957175156899104
514,-0.3,-0.4,-0.0,2.1354269981384277,0.5162608555334129,0.5187961626082904,0.017323741772074963
515,-0.6,-0.1,-0.0,2.132575035095215,0.35900098125904345,0.8868681050401941,0.4871612314904651
516,-0.3,-0.3,-0.0,2.1297566890716553,0.6983868634209408,0.7749121081558458,0.5871526251402281
517,-1.0,0.9,-0.0,2.1269452571868896,0.9545156812254175,0.8308019675693169,0.61927505178935
518,-0.6,0.3,-0.0,2.124267578125,0.6286470265410244,0.2091687066844462,0.9308802012693805
519,-0.5,-0.2,-0.0,2.12164306640625,0.5868347126515261,0.686708552683697,0.5864267920212131
520,-0.3,-0.1,0.0,2.119174003601074,0.6149413767155475,0.9803635529269012,0.8689626600647152
521,-0.4,-0.2,-0.0,2.1160974502563477,0.7732155856548921,0.6248381233457552,0.3300301223809794
522,-0.2,-0.1,-0.0,2.112807512283325,0.4234362251424266,0.3820866565905029,0.7799905727523976
523,-0.4,-0.2,-0.0,2.109595775604248,0.554583617793131,0.5558266460849461,0.8126629187771536
524,-0.2,-0.1,-0.0,2.1066043376922607,0.9259985566554051,0.6992992966521032,0.7439367210575712
525,-0.9,-0.5,-0.0,2.1036853790283203,0.32876865108616804,0.8247737180926245,0.4079131765836106
526,-0.1,-0.1,-0.0,2.1021080017089844,0.2176351314237458,0.8711932043022059,0.3602124074900728
527,0.2,-0.1,-0.0,2.1020541191101074,0.0318702191444199,0.7551310746309224,0.5612751129196242
528,-1.1,-0.7,-0.0,2.102053642272949,0.6400020290840767,0.1776642848935518,0.5186757037924363
529,1.6,0.8,0.0,2.102053642272949,0.8257014366747366,0.09054597406141518,0.1369535336195289
530,2.4,1.1,0.0,2.1020538806915283,0.2019733724540249,0.25287127452561975,0.4118933547818524
531,3.2,1.6,0.0,2.1020541191101074,0.05829503494973576,0.926748240415175,0.20514064119454523
532,2.0,1.0,0.0,2.102053165435791,0.7413045298321639,0.15050839355224388,0.5652777922588142
533,2.1,0.2,0.0,2.1020538806915283,0.10850182068644765,0.6941683072956452,0.3127954462269009
534,2.6,0.8,0.0,2.1020474433898926,0.5104269716320864,0.08645775686974555,0.19176169134665144
535,2.7,0.9,0.0,2.1020779609680176,0.15697450171050142,0.5781546217717078,0.721427926730567
536,1.7,0.7,0.0,2.101595640182495,0.8170652248643729,0.30127458790184747,0.985701018786179
537,1.1,2.9,0.0,2.101229190826416,0.5712671879454557,0.025544319075098243,0.991969219337396
538,0.3,0.8,0.0,2.100508213043213,0.42780631949319425,0.8668017032101628,0.17217527469821248
539,-0.1,0.2,0.0,2.0998339653015137,0.8792320191465512,0.933176813271409,0.8529898933952886
540,-0.6,-0.3,-0.0,2.0986480712890625,0.5473012995167149,0.8126960103912241,0.8344539929944931
541,-0.7,-0.3,-0.0,2.0971670150756836,0.5261219914384755,0.7757873363617307,0.21595642455499242
542,-0.9,-0.5,-0.0,2.094642162322998,0.2602906730036588,0.340089582387188,0.4378566220971378
543,-0.8,-0.5,-0.0,2.0913708209991455,0.2205897454763942,0.11438605424734205,0.489958659927492
544,-1.0,-0.5,-0.0,2.0871100425720215,0.8034788412294575,0.510541833337297,0.33348908188786874
545,-0.8,-0.5,-0.0,2.082671642303467,0.7768176102394017,0.890848703339098,0.7948148526558617
546,-0.9,-0.5,-0.0,2.080467700958252,0.04769573528408455,0.7439369289753437,0.6073544283683137
547,-0.8,-0.4,-0.0,2.0803887844085693,0.09255317023370002,0.4933334081942966,0.307445772995831
548,-0.9,-0.5,-0.0,2.080388307571411,0.8697872836763191,0.7972067966952435,0.25562914405137416
549,-15.5,-8.7,-0.2,2.080387592315674,0.7535249688488322,0.6733161574192954,0.7055464560204007
550,-0.2,-0.1,0.0,2.080387592315674,0.7860895556837388,0.38402391383091905,0.014860393609587685
551,-0.1,-0.0,-0.0,2.0803885459899902,0.06489539050099125,0.1557109142448989,0.1952545901626368
552,-0.0,-0.0,0.0,2.0803894996643066,0.8398851630741001,0.6877349467403998,0.392076578409565
553,-0.0,-0.0,0.0,2.0803897380828857,0.1973399974770994,0.8424427214682333,0.14366636783287545
554,0.0,-0.0,-0.0,2.080389976501465,0.5707854338697281,0.5241827190270947,0.3514497698319873
555,0.0,0.0,-0.0,2.080390214920044,0.15458243559341456,0.9751974886336191,0.7875393271948183
556,0.4,0.2,0.0,2.0803894996643066,0.5967900054825971,0.3566864885453306,0.2702750196692424
557,0.3,0.1,0.0,2.0803897380828857,0.18004330678711344,0.6522438279175589,0.17449231141024713
558,-0.0,-0.0,-0.0,2.080387830734253,0.7154996425778113,0.509094852651026,0.8522624496057432
559,0.1,0.0,-0.0,2.0803885459899902,0.06472119123070597,0.9855530349870709,0.5125293018167888
560,-0.1,-0.1,0.0,2.0803890228271484,0.30150697316737207,0.8484678454651322,0.7263519223090347
561,0.0,0.0,-0.0,2.080388069152832,0.41983419135941547,0.1725978446083849,0.9237365637918525
562,-0.1,-0.1,0.0,2.080388069152832,0.23592542085112211,0.10396846137695215,0.35705215233839094
563,0.0,0.0,-0.0,2.0803871154785156,0.18764182358990866,0.6325701802136887,0.31992696878103144
564,-0.1,-0.1,-0.0,2.0803868770599365,0.5766272941470585,0.42041572486468193,0.7176403810378357
565,0.0,0.0,0.0,2.0803868770599365,0.6430760678118448,0.5895318874172136,0.6526488132575714
566,-0.3,-0.1,0.0,2.080386161804199,0.4233218124749041,0.8748619577652441,0.33786430755698027
567,0.1,0.1,-0.0,2.08038592338562,0.9816999722916931,0.7829110028287668,0.9177175488181458
568,-0.1,-0.0,0.0,2.080386161804199,0.9516668197107084,0.7819307511189315,0.7488619620107525
569,0.9,0.3,0.0,2.080385684967041,0.668704728080144,0.6535370941060501,0.38904477567508644
570,1.7,0.8,0.0,2.080385208129883,0.865309041380825,0.4474029260150644,0.471175526252691
571,2.5,1.3,0.0,2.080385446548462,0.4190084484918063,0.10118842573931908,0.433298337981488
572,2.7,1.3,0.0,2.080385446548462,0.037107580072743396,0.4845120481942885,0.6987532234268671
573,2.6,1.2,0.0,2.080385446548462,0.26202802486434784,0.2836099826559778,0.9661226163840059
574,2.9,0.7,0.0,2.080386161804199,0.4690267683318782,0.9121957061055261,0.08057917064400999
575,2.7,0.8,0.0,2.080390453338623,0.9203024048068664,0.7536077311330148,0.8452474718706903
576,1.4,0.5,0.0,2.0803956985473633,0.8804544947396459,0.08063200649309188,0.7953544982415373
577,3.8,1.2,0.0,2.0804061889648438,0.883472126966671,0.9497876914232959,0.5542781422944922
578,2.9,1.2,0.0,2.0802221298217773,0.06662240567922573,0.2528347477235898,0.6811707041257422
579,2.7,0.8,0.0,2.079995632171631,0.8422533166266791,0.579446004772674,0.5757494493216547
580,4.8,1.6,0.0,2.080045700073242,0.5677041197649246,0.6034483209777877,0.09595487159023774
581,2.8,-0.7,0.0,2.079326868057251,0.4221608915338475,0.14183433774016063,0.32327263073462187
582,4.0,0.3,0.0,2.078507900238037,0.2724013006359586,0.2559509573730183,0.24021432933863163
583,2.7,0.1,0.0,2.0762827396392822,0.4717019549405729,0.596977580192631,0.3286960234662779
584,2.6,0.1,0.0,2.073082208633423,0.66251760427918,0.23795387091158138,0.803262771413018
585,3.2,0.2,0.0,2.0691683292388916,0.41205750530907503,0.13244286058495136,0.732771075580527
586,3.8,0.2,0.0,2.064809799194336,0.5687270388276113,0.09471911309265424,0.25618803223902387
587,4.3,0.2,0.0,2.0597403049468994,0.0730542743130449,0.9058127495446496,0.4740568738214982
588,4.7,-2.1,0.0,2.054084539413452,0.15444513218089173,0.15663507822516742,0.03937404534419264
589,5.0,-1.4,0.0,2.047311305999756,0.6417296982412631,0.3054973056905854,0.1495731863529861
590,4.9,4.3,0.1,2.0384345054626465,0.8037221250413581,0.2857656418758394,0.9323243231856608
591,3.4,7.1,0.1,2.0273633003234863,0.2651358198214978,0.765873719406157,0.004132731498450726
592,4.1,3.6,0.1,2.015080690383911,0.9167314115468194,0.13916196292433558,0.7920179542094842
593,4.3,2.3,0.0,2.0025408267974854,0.31111572596336157,0.5419397458999567,0.041586779551494035
594,4.3,1.8,0.1,1.9889907836914062,0.9569612592855364,0.32980012747350085,0.4657491967519356
595,4.3,1.6,0.0,1.9747670888900757,0.35803451383915685,0.5065029792181663,0.5059825798061875
596,4.3,1.5,0.0,1.959279179573059,0.38399495172793285,0.004577508555175136,0.9400605126499125
597,3.0,4.7,0.1,1.940798282623291,0.13292976187317973,0.9983658924659483,0.5967643878351798
598,-0.2,1.7,-0.0,1.9182047843933105,0.1585691443637821,0.6145100584940416,0.5483530191884788
599,-1.0,1.3,-0.0,1.8985782861709595,0.47480557626178344,0.16740478520210378,0.8031259753264424
600,0.4,-2.0,-0.0,1.8903659582138062,0.14723252731943293,0.14536856219135574,0.0038647429203817474
601,0.7,-0.5,0.0,1.888744831085205,0.862919212673541,0.8776347310067274,0.8209227387871435
602,-0.4,-0.5,-0.0,1.8884167671203613,0.4784205706799628,0.05360757862815857,0.5455311063714835
603,3.8,1.2,0.0,1.888335108757019,0.22289915167021568,0.027845449793832633,0.469041711303971
604,9.5,3.4,0.1,1.8883099555969238,0.8366849499754051,0.10681879381731474,0.21289275961426002
605,5.5,2.0,0.1,1.8883017301559448,0.5998048881458233,0.9646195320835874,0.4273915695291368
606,5.1,1.8,0.0,1.891802191734314,0.9383303602647315,0.8878313077132779,0.8457595167444117
607,5.3,1.9,0.1,1.8998191356658936,0.9211894632416344,0.5344293829122814,0.6455050880787793
608,3.6,4.8,0.1,1.908927321434021,0.8160465645246575,0.06151807059272807,0.39536386766056086
609,4.0,4.8,0.1,1.9150660037994385,0.30257231695832165,0.23422025682859404,0.7726845375136606
610,3.9,3.9,0.0,1.9175299406051636,0.8214187567673495,0.7330087115517765,0.7973786716653775
611,3.9,4.2,0.1,1.9185235500335693,0.10823829550300212,0.9870112158917808,0.09856699903690114
612,3.4,3.7,0.1,1.918918490409851,0.05846224465999461,0.7615865296568033,0.059889781484747884
613,5.5,0.4,0.1,1.919044852256775,0.0888259239489042,0.5105591432970672,0.37997298104796196
614,3.3,0.7,0.0,1.919082522392273,0.666551050419093,0.6066909612623407,0.8969417222980615
615,-0.5,-0.4,-0.0,1.9191025495529175,0.4140631870705711,0.7998363849324271,0.23038522320411858
616,-1.0,-0.5,-0.0,1.9191645383834839,0.6429198905109533,0.45972938995042856,0.5962408535686076
617,8.4,3.7,0.1,1.9223544597625732,0.017368072490736464,0.32507491030508695,0.6613618019569282
618,3.0,1.3,0.0,1.9310885667800903,0.17428917717764003,0.8154112248205936,0.14437172048402114
619,0.2,0.1,-0.0,1.9427497386932373,0.4781487298017718,0.5230221250595037,0.737275508188192
620,-1.4,-0.6,-0.0,1.9558593034744263,0.255240358259735,0.8385499612419629,0.3417837039387511
621,-1.6,-0.7,-0.0,1.969611644744873,0.3473498597116429,0.055861602433441626,0.6984334492592854
622,-2.8,-1.2,-0.0,1.979288101196289,0.2093643164795621,0.772711855562555,0.17744528579391938
623,-2.3,-1.0,-0.0,1.98367440700531,0.9609222983508469,0.6707854536587848,0.25804378994701027
624,-4.8,1.4,-0.0,1.985718846321106,0.2824590649384745,0.571371813741407,0.7902868221474038
625,-2.3,2.7,-0.0,1.9867151975631714,0.4981525211315535,0.14514801558075718,0.4456567956200085
626,-1.6,1.9,-0.0,1.9871667623519897,0.6119861671818319,0.876292985360993,0.027426009929612305
627,-3.6,-3.7,-0.0,1.9873517751693726,0.9794057915391444,0.6064582139146681,0.3562153155044614
628,-6.2,-3.5,-0.1,1.987438440322876,0.12152358140918695,0.14028855573584786,0.44378961114824933
629,-4.3,-2.3,-0.0,1.9874839782714844,0.19935673321193514,0.9881080878277514,0.2571113175515066
630,-4.9,-2.4,-0.1,1.9875086545944214,0.06654465637993734,0.6418978555853058,0.40560744541147875
631,-3.4,-1.7,-0.0,1.987522840499878,0.5667434430307482,0.9148522638075315,0.6487797416013769
632,-4.2,-2.0,-0.1,1.9875320196151733,0.1568506073478061,0.7409197773713518,0.2983172243547184
633,-2.5,-1.2,-0.0,1.99073326587677,0.9438051664569734,0.9641295965013577,0.12267668380533903
634,-2.6,-1.3,-0.0,1.9999403953552246,0.20253572548294363,0.18225160266043205,0.45914183421052046
635,-0.6,-0.3,-0.0,2.0122151374816895,0.6608801011481907,0.5898662507644361,0.9420429072690097
636,-1.8,2.2,-0.0,2.0213005542755127,0.6559549845808992,0.3344076571672455,0.8237687527707307
637,-0.3,2.9,0.0,2.025235176086426,0.2855746317645864,0.8272270573199899,0.18337509704658606
638,0.4,2.2,0.0,2.027003765106201,0.12658660806748923,0.8250924174762485,0.5323665677687497
639,1.5,3.1,0.0,2.027817964553833,0.22890710069622544,0.7307534778899587,0.779999800924742
640,3.4,-0.5,0.0,2.0281972885131836,0.8484191785207142,0.5523738362052095,0.4265314449838902
641,2.0,0.3,0.0,2.0283751487731934,0.6785324781715699,0.11782465895212169,0.846572817522506
642,-0.1,-0.4,-0.0,2.0284602642059326,0.369817440400222,0.5033915244358419,0.0018606050164111654
643,-0.4,-0.4,-0.0,2.0284976959228516,0.5653318391474312,0.595937423434855,0.8046465290836058
644,-1.1,-0.7,-0.0,2.028517484664917,0.36374661317032464,0.25502235177775445,0.43040435388051745
645,0.0,-0.0,-0.0,2.0313291549682617,0.02922124806268911,0.8859420286897489,0.9803694329311133
646,0.3,0.1,0.0,2.039226770401001,0.5605663309407707,0.1404748180554356,0.015054745375353451
647,1.7,0.9,0.0,2.0494954586029053,0.47674253883380935,0.09153761656065917,0.4850604201190455
648,1.8,1.0,0.0,2.061004877090454,0.5357776031258773,0.5271170411918293,0.603147562968617
649,2.9,1.6,0.0,2.0689167976379395,0.6706005982646748,0.22939082282018686,0.8775578546971318
650,2.9,1.6,0.0,2.0723257064819336,0.7354397971762745,0.030909066757746184,0.3526657861514243
651,3.7,2.0,0.0,2.0738418102264404,0.5916476864853639,0.7209098871407856,0.4209119250670055
652,1.7,4.9,0.0,2.0745251178741455,0.15407415508577993,0.31561660342036923,0.49322020487762086
653,2.3,5.1,0.0,2.074833869934082,0.186868271407154,0.41395975036038446,0.7747867109164748
654,2.4,4.3,0.0,2.074972629547119,0.4455275227707387,0.5752978031242539,0.7283262168263889
655,4.9,1.0,0.0,2.075032949447632,0.5128989289056162,0.8510674598066936,0.6785839564611258
656,1.9,0.4,0.0,2.075059413909912,0.8076800526429189,0.24645928108113968,0.8696556825705021
657,-0.0,-0.2,-0.0,2.0750699043273926,0.21347402054143882,0.14908407647833155,0.6424547724743658
658,-2.0,-1.2,-0.0,2.0750770568847656,0.619342366794265,0.4771111947273663,0.34407934264505324
659,-1.8,-1.1,-0.0,2.0750794410705566,0.5112327386548828,0.5183490101504529,0.922563730153198
660,-2.6,-1.6,-0.0,2.0750789642333984,0.3660077191571772,0.5545852493599125,0.47136878533998483
661,-1.7,-1.0,-0.0,2.078423500061035,0.31385995262301347,0.7790523885016661,0.742458973095127
662,-1.5,-0.9,-0.0,2.0877485275268555,0.5002831772885243,0.10525206633001516,0.956267439721548
663,0.2,0.1,-0.0,2.1000614166259766,0.1386683316455568,0.6323410589858258,0.8180931873106109
664,0.5,0.3,0.0,2.1092019081115723,0.8119833455288238,0.4813523713818435,0.674842962532999
665,1.9,1.1,0.0,2.1134262084960938,0.38953619028423725,0.39471472753212644,0.4974850526406437
666,2.0,1.2,0.0,2.1154422760009766,0.2800704734531271,0.771632154578426,0.32669094083005135
667,3.0,1.8,0.0,2.11643123626709,0.2665236120880723,0.6342903821251635,0.6027054696074765
668,2.5,1.5,0.0,2.116917133331299,0.7101380624577331,0.13313194787129612,0.2828387106197964
669,1.2,0.8,0.0,2.1171538829803467,0.1843964100009131,0.653423071811627,0.33148783382613156
670,-1.1,-0.7,-0.0,2.117269515991211,0.22443587211013338,0.6801127224756767,0.8160836086462342
671,-3.7,1.8,-0.0,2.1173267364501953,0.2493590673507402,0.3664523070879163,0.46186826913858015
672,-4.5,0.5,-0.0,2.117354393005371,0.6987465592324177,0.6895241354738584,0.22232752907282627
673,-3.8,0.8,-0.0,2.117367744445801,0.13670784386796153,0.23618434163658453,0.8487770303891475
674,-3.6,0.1,-0.0,2.117374897003174,0.8685834011163581,0.02851947593168591,0.36672886948029804
675,-2.4,1.4,-0.0,2.1173770427703857,0.38701686377843436,0.29912070600196095,0.5774187195018745
676,0.4,-1.9,0.0,2.1173789501190186,0.6180630157832911,0.16719700412649952,0.9946244586039371
677,-0.0,-0.7,-0.0,2.117380142211914,0.18336401184971662,0.4018100690779153,0.017802882826942423
678,-1.6,-1.2,-0.0,2.1173815727233887,0.2534340600403332,0.05983333052776929,0.5526182868909438
679,-1.5,-1.0,-0.0,2.117382049560547,0.314945435395387,0.19379995600610733,0.044599108238170926
680,-2.0,-1.3,-0.0,2.120676040649414,0.510613603041978,0.3750024243955713,0.01486304685080686
681,-0.6,-0.4,-0.0,2.129654884338379,0.11249248536224665,0.4641060087246035,0.1553809093109586
682,-0.3,-0.2,-0.0,2.1417102813720703,0.37895728772609594,0.8902376136966159,0.2316044549692039
683,-1.0,3.5,0.0,2.155050277709961,0.4829203806365395,0.8089303691973253,0.08677316062790275
684,-0.4,3.1,0.0,2.169102668762207,0.5623206833256644,0.9473530248273093,0.3915861888432389
685,0.7,3.8,0.0,2.1790103912353516,0.03159129659249038,0.5014032057146209,0.5741373324845509
686,1.0,3.5,0.0,2.183682918548584,0.9877875905351647,0.2668428813350088,0.633088129208011
687,1.5,4.5,0.0,2.1859006881713867,0.8729676727891897,0.8052273768476816,0.22041466931144993
688,1.5,4.1,0.0,2.1869559288024902,0.8462757690475745,0.04837142633109692,0.19662844770529087
689,-0.9,7.3,0.0,2.1874585151672363,0.720989699847152,0.02578961904945798,0.24814422163438954
690,3.6,1.3,0.0,2.1876988410949707,0.6143166294706681,0.19662325773539813,0.5267544115519245
691,1.8,-0.0,0.0,2.1878113746643066,0.06632325555775531,0.7484747142006333,0.44037236105523725
692,-0.7,-1.0,-0.0,2.191110134124756,0.08365370971060271,0.31438498250523683,0.838952986257092
693,-1.4,-1.2,-0.0,2.199998140335083,0.8080914336073394,0.5749062134661194,0.7526199435488623
694,-2.6,-2.3,-0.0,2.2118356227874756,0.5726233370879231,0.730080204718755,0.380307613904982
695,-2.5,-2.1,-0.0,2.2250585556030273,0.7703607763411446,0.7005507223777708,0.4445596947966144
696,-3.0,-2.7,-0.0,2.2391345500946045,0.7968535648066237,0.9650690029999707,0.5531447863085822
697,-1.8,-1.6,-0.0,2.2536911964416504,0.905054240673416,0.1703852242528331,0.8024965768829366
698,-1.6,-1.4,-0.0,2.271974563598633,0.8208547292244339,0.534177936320868,0.736479147531681
699,-0.1,-0.1,-0.0,2.289761543273926,0.7140022576430072,0.4780752595141121,0.637378819777922
700,0.2,0.2,0.0,2.2987208366394043,0.09183118276672375,0.9947592683276844,0.05215938561737965
701,1.5,1.3,0.0,2.303110122680664,0.03773449519189931,0.8706310755340069,0.07150034120432747
702,1.6,1.4,0.0,2.3052818775177,0.5580986159845363,0.8499258279410928,0.6395091212663615
703,2.5,2.3,0.0,2.306359052658081,0.06844439212210185,0.955312133177569,0.2781399061010539
704,2.5,2.2,0.0,2.3068976402282715,0.9228371208087275,0.2754845179578229,0.5645769723427635
705,2.6,2.3,0.0,2.307163953781128,0.5844808312935901,0.389466125193179,0.9497594327527876
706,2.7,-2.1,0.0,2.307295322418213,0.5315890163529576,0.25340638778853886,0.8060922976511501
707,1.5,-3.1,-0.0,2.3073601722717285,0.05157421797140593,0.28680459547024095,0.24454757339555733
708,-0.5,-3.5,-0.0,2.307389736175537,0.3223811553146422,0.43234696832916686,0.954008893172906
709,-0.4,-3.8,-0.0,2.307403087615967,0.2487721118475037,0.2831381105594827,0.9567362794521621
710,-3.7,-0.9,-0.0,2.3074092864990234,0.5314116818130143,0.41190931257139085,0.5654147510027615
711,-2.2,-1.1,-0.0,2.307412624359131,0.8156086909447183,0.9997178089454198,0.7743221309127403
712,-2.8,-2.3,-0.0,2.3074159622192383,0.5082686038141603,0.5963456399200239,0.10514232691456149
713,-2.2,-1.9,-0.0,2.307420492172241,0.6085725981399316,0.8800103170289169,0.4280910704708335
714,-3.0,-2.5,-0.0,2.3074259757995605,0.7157276185968297,0.8414042904276292,0.6377618393869897
715,-1.8,-1.5,-0.0,2.3040900230407715,0.1882161549183582,0.07120616958296877,0.6612752157123557
716,-1.8,-1.5,-0.0,2.294771194458008,0.46404385002564075,0.09113225330463326,0.40049608642515333
717,-0.2,-0.2,0.0,2.2825064659118652,0.6216078386622395,0.053982728300075444,0.22107842798005028
718,0.1,0.1,0.0,2.2687313556671143,0.23809759151519905,0.7287475664772688,0.007414082408680911
719,1.4,1.1,0.0,2.2587714195251465,0.6364386237136832,0.8532107179219904,0.35857751235388213
720,1.5,1.2,0.0,2.2540066242218018,0.10687200748554071,0.5308286547856954,0.9233056175638401
721,2.5,2.0,0.0,2.2517223358154297,0.9140423720914141,0.2134580120975964,0.20249653474878304
722,2.5,2.0,0.0,2.250622510910034,0.6701648961664007,0.130316389472813,0.19768965067765099
723,3.3,2.6,0.0,2.2500908374786377,0.9196548519408493,0.507330731881656,0.1092646303888909
724,5.2,-0.3,0.0,2.249831199645996,0.6812940176121547,0.49275940798172946,0.958659286139703
725,5.6,0.1,0.0,2.2497034072875977,0.4567273933357353,0.040350153583205706,0.13196794680056778
726,2.0,3.6,0.0,2.2496397495269775,0.7611545904198658,0.30514919645365357,0.04115964531237959
727,1.1,1.5,0.0,2.2496089935302734,0.5428582413672169,0.7437264021045883,0.5756096239931996
728,-0.9,-0.5,-0.0,2.2495975494384766,0.3010088289091366,0.8938005403103415,0.46904784836494706
729,-1.4,-1.1,-0.0,2.249593496322632,0.9483551575088797,0.5596084600670469,0.9951659161662854
730,-2.7,-2.1,-0.0,2.2495956420898438,0.1856885880480298,0.651432200864683,0.9985084893281735
731,-2.2,-1.7,-0.0,2.2495980262756348,0.23628778961191388,0.47054125936673297,0.6334005965220144
732,-2.8,-2.2,-0.0,2.2496020793914795,0.7922030104904115,0.6364058357579533,0.2521666821036329
733,-1.8,-1.4,-0.0,2.2461705207824707,0.8031377822083448,0.9639858438727715,0.8114166970548322
734,-1.6,-1.3,-0.0,2.2365517616271973,0.5936040700628405,0.7206427564381338,0.5874904678176796
735,-0.0,-0.0,-0.0,2.2285733222961426,0.936653191726421,0.579014606755737,0.09923427173816712
736,0.3,0.2,0.0,2.2248167991638184,0.7800875135529205,0.10697509523696669,0.4338378581187705
737,3.6,-1.7,0.0,2.2229886054992676,0.8132235197815473,0.0823162770573731,0.31555688128559956
738,3.4,-1.2,0.0,2.222085475921631,0.3908084142456191,0.5338252151185063,0.7723296282769825
739,1.9,3.2,0.0,2.221635580062866,0.3610479928077086,0.567653687983271,0.6782858298965355
740,2.1,2.2,0.0,2.2214102745056152,0.796907797519173,0.36330622098042786,0.6212157946359196
741,1.5,1.3,0.0,2.221296787261963,0.8871568147405255,0.7331710124918668,0.5096782265253712
742,-0.6,-0.4,-0.0,2.2212376594543457,0.4857845034647169,0.20093684167735482,0.2303184723151548
743,-1.3,-1.0,-0.0,2.2212073802948,0.19144861037279293,0.9183429739968848,0.40291436771821976
744,-2.1,-1.6,-0.0,2.221191883087158,0.03490776025047426,0.441477191636094,0.37559116934768966
745,-1.3,-0.9,-0.0,2.2211849689483643,0.38842505311301034,0.9232280433612566,0.7345046530161471
746,-1.2,-0.9,-0.0,2.2178239822387695,0.061302366987690315,0.7315900830247144,0.9157083795538821
747,0.4,0.3,0.0,2.2086105346679688,0.24888934013495856,0.5429986372036254,0.0385109426001321
748,0.7,0.5,0.0,2.2009377479553223,0.38448932015378123,0.15832159733202011,0.6433461894007614
749,1.9,1.4,0.0,2.1974234580993652,0.55595149378803,0.20028924645887003,0.10629029338828111
750,2.1,1.5,0.0,2.195805311203003,0.05445573481529242,0.9655042958684372,0.16880776687896937
751,2.6,1.9,0.0,2.1950411796569824,0.5674261268580552,0.22740817798328705,0.7691287515469193
752,2.5,-2.4,0.0,2.1946659088134766,0.4073502180877159,0.6043627382624084,0.017766313941308454
753,-1.2,0.2,-0.0,2.19448184967041,0.06605435980061591,0.3766408941676389,0.6559683751551972
754,-2.4,-1.2,-0.0,2.194389581680298,0.07909091772684262,0.38535670119223187,0.15105638366340723
755,-2.0,-1.3,-0.0,2.1943445205688477,0.16731262768305655,0.22037437990124764,0.03624569029367486
756,-2.7,-1.9,-0.0,2.1943235397338867,0.7367477356677151,0.7265281868958302,0.5012587138802208
757,-1.7,-1.2,-0.0,2.194312334060669,0.19472389182970307,0.17649350089347027,0.16684125463285226
758,-1.5,-1.1,-0.0,2.1943085193634033,0.7460987887880733,0.8939088245068848,0.3958937581894557
759,0.1,0.1,0.0,2.1943087577819824,0.40925735679147124,0.6423148719494268,0.2695462483498432
760,0.5,0.3,0.0,2.194309711456299,0.3639229130777478,0.8408220293669992,0.5567912594190711
761,3.6,-1.8,0.0,2.1909546852111816,0.3586058043417093,0.7895384366900479,0.18533303225486375
762,1.3,2.2,0.0,2.1860861778259277,0.7211283314562701,0.9277372196246259,0.5072544034387604
763,2.4,2.1,0.0,2.1836729049682617,0.01092403164272493,0.07697312847907012,0.8086375862068518
764,0.9,0.8,0.0,2.182492256164551,0.06683300625756616,0.12682441405448208,0.512577768291555
765,-0.0,-0.0,-0.0,2.1819210052490234,0.45464658447640705,0.5550343502007606,0.3655665767675512
766,-1.5,-1.0,-0.0,2.181643009185791,0.4432815505157427,0.26351380690954385,0.2778203587236361
767,-1.5,-1.0,-0.0,2.1815080642700195,0.008116786324779302,0.07605664421334213,0.7726335552272839
768,-1.9,-1.3,-0.0,2.1814417839050293,0.24919926892861544,0.21127135066748126,0.26658136416735245
769,-0.6,-0.4,-0.0,2.1814093589782715,0.405115787985452,0.2812940647623521,0.9639627223726924
770,-0.2,-0.1,0.0,2.1780121326446533,0.2242744455030069,0.07661048888884958,0.11614202027549736
771,1.2,0.9,0.0,2.17326021194458,0.46826380804483136,0.9419856748713551,0.9684141337501834
772,1.5,1.0,0.0,2.1710686683654785,0.7447938437146782,0.05049252396067716,0.24406766549141246
773,2.6,1.7,0.0,2.1700563430786133,0.9886448836409333,0.9177068695103011,0.9267879606095415
774,4.5,-1.3,0.0,2.1695778369903564,0.963096824611873,0.8822886061500952,0.367302159674083
775,2.2,2.6,0.0,2.1693482398986816,0.24223499844782548,0.49330227482788747,0.43067116804446937
776,0.2,0.6,0.0,2.169236898422241,0.7833088336507082,0.1483426183611417,0.31253289624108016
777,-0.7,-0.3,-0.0,2.1691815853118896,0.940535907077506,0.06764749274260584,0.3700601050616644
778,-2.2,-1.5,-0.0,2.169154167175293,0.18608790002414932,0.5289790891207362,0.25317423621798163
779,-2.3,-1.5,-0.0,2.1691412925720215,0.08071118679222677,0.9162748127605129,0.9668462947407402
780,-3.2,-2.1,-0.0,2.1691346168518066,0.9466116562241336,0.9141670810904561,0.47638621310053864
781,-2.4,-1.6,-0.0,2.1691324710845947,0.0577337234600902,0.6902710620841538,0.1272284014402938
782,-2.7,-1.8,-0.0,2.1691322326660156,0.48281991309832917,0.0026718023092492382,0.7252226838326774
783,-1.1,-0.7,-0.0,2.165652275085449,0.15218531048714667,0.7909206377672476,0.05433808804827167
784,-0.7,-0.5,-0.0,2.1606459617614746,0.611888098782251,0.012067673264594125,0.7406035756484111
785,0.9,0.6,0.0,2.1582322120666504,0.32709031013078627,0.7663446838496902,0.1613269671935712
786,1.1,0.7,0.0,2.157050609588623,0.69005862851938,0.7941978934571899,0.34512283976449853
787,2.3,1.5,0.0,2.156466007232666,0.5091766273856163,0.31676577064900213,0.6409835187157547
788,2.4,1.6,0.0,2.156174659729004,0.8954536324141232,0.547072219861759,0.34901417033065585
789,3.2,2.2,0.0,2.15602970123291,0.7497488148969542,0.6810987290765728,0.20875299077058096
790,2.7,1.8,0.0,2.1559574604034424,0.41336413809298844,0.12019124612524079,0.5601082951839468
791,1.4,0.9,0.0,2.1559205055236816,0.15212132652721067,0.6725094223418334,0.6597677794927514
792,-1.0,-0.7,-0.0,2.155900001525879,0.831107641276559,0.6863543891771633,0.11259696936961971
793,-1.5,-1.0,-0.0,2.1558895111083984,0.32462301860574916,0.5615735581426836,0.5822604107792148
794,-2.9,-1.9,-0.0,2.1558845043182373,0.503697461277941,0.4211940383162672,0.5254184575938674
795,-2.2,-1.5,-0.0,2.1558837890625,0.009981682594052299,0.9502293905656853,0.8688574364702177
796,-2.4,-1.6,-0.0,2.155884265899658,0.8889269569236776,0.6775904574241514,0.9943230807175728
797,-0.9,-0.6,-0.0,2.155885696411133,0.8771031159972803,0.552706304688696,0.5129897314133036
798,-0.5,-0.3,-0.0,2.1558876037597656,0.8925196831453335,0.0970953213394582,0.04312209533436839
799,1.0,0.7,0.0,2.1558895111083984,0.16834423028019163,0.30317975776171124,0.7904005150466783
800,3.0,-2.1,0.0,2.155890941619873,0.1717443601374289,0.49198002513887673,0.2143640946966855
801,4.0,-1.4,0.0,2.1558914184570312,0.8655007967069146,0.6184511468360083,0.7841116507717469
802,1.6,3.0,0.0,2.155893325805664,0.7032129940484522,0.7436042882386207,0.4924338167774902
803,2.8,2.3,0.0,2.1558902263641357,0.9681407024667923,0.07595562891601393,0.6711659246555023
